metric,v0.3_RC2M_alpha,v0.3.2_RC2O,delta
source_final_avg_accuracy,0.88715,0.901,0.013850000000000029
context_accuracy,0.88,0.92,0.040000000000000036
oracle_coverage,0.900267,0.9000666666666666,-0.00020033333333346892
oracle_mean_set_size,1.0906,1.0269333333333333,-0.06366666666666676
oracle_singleton_action_rate,0.8648,0.8982666666666667,0.033466666666666645
context_selected_oracle_coverage,0.8794,0.8882666666666668,0.0088666666666668
